<?xml version="1.0" encoding="UTF-8"?>
<project-private xmlns="http://www.netbeans.org/ns/project-private/1">
    <editor-bookmarks xmlns="http://www.netbeans.org/ns/editor-bookmarks/2" lastBookmarkId="0"/>
    <open-files xmlns="http://www.netbeans.org/ns/projectui-open-files/2">
        <group>
            <file>file:/C:/Users/saraswathi/Downloads/Hospital-Management-System--Java---MS-Access--master/Hospital-Management-System--Java---MS-Access--master/src/Bill_RoomRecord.java</file>
            <file>file:/C:/Users/saraswathi/Downloads/Hospital-Management-System--Java---MS-Access--master/Hospital-Management-System--Java---MS-Access--master/src/Login.java</file>
            <file>file:/C:/Users/saraswathi/Downloads/Hospital-Management-System--Java---MS-Access--master/Hospital-Management-System--Java---MS-Access--master/src/ChangePassword.java</file>
            <file>file:/C:/Users/saraswathi/Downloads/Hospital-Management-System--Java---MS-Access--master/Hospital-Management-System--Java---MS-Access--master/src/Connect.java</file>
            <file>file:/C:/Users/saraswathi/Downloads/Hospital-Management-System--Java---MS-Access--master/Hospital-Management-System--Java---MS-Access--master/src/Doctor.java</file>
            <file>file:/C:/Users/saraswathi/Downloads/Hospital-Management-System--Java---MS-Access--master/Hospital-Management-System--Java---MS-Access--master/src/About.java</file>
            <file>file:/C:/Users/saraswathi/Downloads/Hospital-Management-System--Java---MS-Access--master/Hospital-Management-System--Java---MS-Access--master/src/Bill_WardRecord.java</file>
            <file>file:/C:/Users/saraswathi/Downloads/Hospital-Management-System--Java---MS-Access--master/Hospital-Management-System--Java---MS-Access--master/src/Bill_Room.java</file>
            <file>file:/C:/Users/saraswathi/Downloads/Hospital-Management-System--Java---MS-Access--master/Hospital-Management-System--Java---MS-Access--master/src/LoginDetails.java</file>
            <file>file:/C:/Users/saraswathi/Downloads/Hospital-Management-System--Java---MS-Access--master/Hospital-Management-System--Java---MS-Access--master/src/Contact.java</file>
            <file>file:/C:/Users/saraswathi/Downloads/Hospital-Management-System--Java---MS-Access--master/Hospital-Management-System--Java---MS-Access--master/src/MainMenu.java</file>
            <file>file:/C:/Users/saraswathi/Downloads/Hospital-Management-System--Java---MS-Access--master/Hospital-Management-System--Java---MS-Access--master/src/IMAGESS.jpg</file>
            <file>file:/C:/Users/saraswathi/Downloads/Hospital-Management-System--Java---MS-Access--master/Hospital-Management-System--Java---MS-Access--master/src/DoctorRecord.java</file>
            <file>file:/C:/Users/saraswathi/Downloads/Hospital-Management-System--Java---MS-Access--master/Hospital-Management-System--Java---MS-Access--master/src/Bill_Ward.java</file>
        </group>
    </open-files>
</project-private>
